<?xml version="1.0" encoding="UTF-8"?>
<!DOCTYPE Library SYSTEM "Library.dtd">
<!-- Edit By 201503635 -->
<Library>
	<Book BookId="Id_001">
		<Title>&lt;&lt;不可思议的朋友&gt;&gt;</Title>
		<Author>田岛征彦 </Author>
		<Price>45.00</Price>
		<Publisher>北京联合出版公司</Publisher>
		<Cost>25.00</Cost>
	</Book>
	<Member>
		<Name>
			<FirstName>本</FirstName>
			<MiddleName>拉</MiddleName>
			<LastName>灯</LastName>
		</Name>
		<Address>
			<HouseNumber>911</HouseNumber>
			<Street>双子塔道</Street>
			<City>纽约</City>
		</Address>
	</Member>

	<Book BookId="Id_002">
		<Title>&lt;&lt;疯狂艺术史：从莫奈到毕加索&gt;&gt;</Title>
		<Author>格拉迪米尔·斯穆贾 / 伊万娜·斯穆贾 </Author>
		<Price>99.80</Price>
		<Publisher>后浪丨北京联合出版公司</Publisher>
		<Cost>66.66</Cost>
	</Book>
	<Member>
		<Name>
			<FirstName>唐纳德</FirstName>
			<MiddleName>奥</MiddleName>
			<LastName>观海</LastName>
		</Name>
		<Address>
			<HouseNumber>233</HouseNumber>
			<Street>人民大道</Street>
			<City>绿城</City>
		</Address>
	</Member>
	
		<Book BookId="Id_003">
		<Title>&lt;&lt;我认识了一个索马里海盗&gt;&gt;</Title>
		<Author> 邓安庆 </Author>
		<Price>36.00</Price>
		<Publisher>中信出版集团</Publisher>
		<Cost>28.5</Cost>
	</Book>
	<Member>
		<Name>
			<FirstName>梨果</FirstName>
			<MiddleName>贾生</MiddleName>
			<LastName>思怡</LastName>
		</Name>
		<Address>
			<HouseNumber>21</HouseNumber>
			<Street>米花町2段</Street>
			<City>东京</City>
		</Address>
	</Member>
</Library>